{
  "rho_values": [
    0.1499560037124678,
    0.49985958520524987,
    0.8499737491819515
  ],
  "raw_masses_GeV": [
    36.88917691326708,
    122.96545796049146,
    209.09354229876007
  ],
  "scaled_masses_GeV": [
    0.3135059392757933,
    1.0450328422079112,
    1.777
  ],
  "observed_masses_GeV": [
    0.000511,
    0.1057,
    1.777
  ],
  "scale_factor": 0.00849858862432471,
  "mass_ratios": [
    0.1764242764635866,
    0.5880882623567312,
    1.0
  ],
  "observed_ratios": [
    0.0002875633089476646,
    0.05948227349465392,
    1.0
  ]
}