{
  "rho_values": [
    0.14995600371070583,
    0.49985958520524987,
    0.8499737491820518
  ],
  "raw_masses_GeV": [
    36.88917691283363,
    122.96545796049146,
    209.09354229878474
  ],
  "scaled_masses_GeV": [
    0.31350593927207265,
    1.0450328422077877,
    1.777
  ],
  "observed_masses_GeV": [
    0.000511,
    0.1057,
    1.777
  ],
  "scale_factor": 0.008498588624323707,
  "mass_ratios": [
    0.17642427646149278,
    0.5880882623566617,
    1.0
  ],
  "observed_ratios": [
    0.0002875633089476646,
    0.05948227349465392,
    1.0
  ]
}